{"licence_fee": 5.848000000000013, "name": "dataset14.zip", "images": [{"postal_code": "98105", "name": "8_0.0.jpg"}, {"postal_code": "98105", "name": "8_29.0.jpg"}, {"postal_code": "98105", "name": "8_58.0.jpg"}, {"postal_code": "98105", "name": "8_87.0.jpg"}, {"postal_code": "98105", "name": "8_116.0.jpg"}, {"postal_code": "98105", "name": "8_145.0.jpg"}, {"postal_code": "98105", "name": "8_174.0.jpg"}, {"postal_code": "98105", "name": "8_203.0.jpg"}, {"postal_code": "98105", "name": "8_232.0.jpg"}, {"postal_code": "98105", "name": "8_261.0.jpg"}, {"postal_code": "98105", "name": "8_290.0.jpg"}, {"postal_code": "98105", "name": "8_319.0.jpg"}, {"postal_code": "98105", "name": "8_348.0.jpg"}, {"postal_code": "98105", "name": "8_377.0.jpg"}, {"postal_code": "98105", "name": "8_406.0.jpg"}, {"postal_code": "98105", "name": "8_435.0.jpg"}, {"postal_code": "98105", "name": "8_464.0.jpg"}, {"postal_code": "98105", "name": "8_493.0.jpg"}, {"postal_code": "98105", "name": "8_522.0.jpg"}, {"postal_code": "98105", "name": "8_551.0.jpg"}, {"postal_code": "98105", "name": "8_580.0.jpg"}, {"postal_code": "98105", "name": "8_609.0.jpg"}, {"postal_code": "98105", "name": "8_638.0.jpg"}, {"postal_code": "98105", "name": "8_667.0.jpg"}, {"postal_code": "98105", "name": "8_696.0.jpg"}, {"postal_code": "98105", "name": "8_725.0.jpg"}, {"postal_code": "98105", "name": "8_754.0.jpg"}, {"postal_code": "98105", "name": "8_783.0.jpg"}, {"postal_code": "98105", "name": "8_812.0.jpg"}, {"postal_code": "98105", "name": "8_841.0.jpg"}, {"postal_code": "98105", "name": "8_870.0.jpg"}, {"postal_code": "98105", "name": "8_899.0.jpg"}, {"postal_code": "98105", "name": "8_928.0.jpg"}, {"postal_code": "98105", "name": "8_957.0.jpg"}, {"postal_code": "98105", "name": "8_986.0.jpg", "objects": [{"bounding_box_y": 106, "name": "stopsign", "bounding_box_w": 225, "id": 1, "bounding_box_h": 225, "bounding_box_x": 145}, {"bounding_box_y": 619, "name": "stopsign", "bounding_box_w": 1116, "id": 1, "bounding_box_h": 1116, "bounding_box_x": 1061}]}, {"postal_code": "98105", "name": "8_1015.0.jpg", "objects": [{"bounding_box_y": 140, "name": "stopsign", "bounding_box_w": 951, "id": 1, "bounding_box_h": 951, "bounding_box_x": 856}]}, {"postal_code": "98105", "name": "8_1044.0.jpg"}, {"postal_code": "98105", "name": "8_1073.0.jpg"}, {"postal_code": "98105", "name": "8_1102.0.jpg"}, {"postal_code": "98105", "name": "8_1131.0.jpg", "objects": [{"bounding_box_y": -22, "name": "stopsign", "bounding_box_w": 132, "id": 1, "bounding_box_h": 132, "bounding_box_x": -22}]}, {"postal_code": "98105", "name": "8_1160.0.jpg", "objects": [{"bounding_box_y": -22, "name": "stopsign", "bounding_box_w": 184, "id": 1, "bounding_box_h": 184, "bounding_box_x": 46}]}, {"postal_code": "98105", "name": "8_1189.0.jpg", "objects": [{"bounding_box_y": 12, "name": "stopsign", "bounding_box_w": 132, "id": 1, "bounding_box_h": 132, "bounding_box_x": -22}]}, {"postal_code": "98105", "name": "8_1218.0.jpg", "objects": [{"bounding_box_y": -19, "name": "stopsign", "bounding_box_w": 110, "id": 1, "bounding_box_h": 110, "bounding_box_x": -19}]}, {"postal_code": "98105", "name": "8_1247.0.jpg", "objects": [{"bounding_box_y": 274, "name": "stopsign", "bounding_box_w": 245, "id": 1, "bounding_box_h": 245, "bounding_box_x": 199}, {"bounding_box_y": 237, "name": "stopsign", "bounding_box_w": 1199, "id": 1, "bounding_box_h": 1199, "bounding_box_x": 1133}]}, {"postal_code": "98105", "name": "8_1276.0.jpg", "objects": [{"bounding_box_y": 274, "name": "stopsign", "bounding_box_w": 314, "id": 1, "bounding_box_h": 314, "bounding_box_x": 268}, {"bounding_box_y": 239, "name": "stopsign", "bounding_box_w": 1262, "id": 1, "bounding_box_h": 1262, "bounding_box_x": 1206}]}, {"postal_code": "98105", "name": "8_1305.0.jpg", "objects": [{"bounding_box_y": 280, "name": "stopsign", "bounding_box_w": 331, "id": 1, "bounding_box_h": 331, "bounding_box_x": 285}, {"bounding_box_y": 229, "name": "stopsign", "bounding_box_w": 1290, "id": 1, "bounding_box_h": 1290, "bounding_box_x": 1224}]}, {"postal_code": "98105", "name": "8_1334.0.jpg", "objects": [{"bounding_box_y": 280, "name": "stopsign", "bounding_box_w": 331, "id": 1, "bounding_box_h": 331, "bounding_box_x": 285}, {"bounding_box_y": 232, "name": "stopsign", "bounding_box_w": 1282, "id": 1, "bounding_box_h": 1282, "bounding_box_x": 1227}]}, {"postal_code": "98105", "name": "8_1363.0.jpg", "objects": [{"bounding_box_y": 274, "name": "stopsign", "bounding_box_w": 331, "id": 1, "bounding_box_h": 331, "bounding_box_x": 285}, {"bounding_box_y": 225, "name": "stopsign", "bounding_box_w": 1282, "id": 1, "bounding_box_h": 1282, "bounding_box_x": 1227}]}, {"postal_code": "98105", "name": "8_1392.0.jpg"}, {"postal_code": "98105", "name": "8_1421.0.jpg"}, {"postal_code": "98105", "name": "8_1450.0.jpg"}, {"postal_code": "98105", "name": "8_1479.0.jpg"}, {"postal_code": "98105", "name": "8_1508.0.jpg"}, {"postal_code": "98105", "name": "8_1537.0.jpg"}, {"postal_code": "98105", "name": "8_1566.0.jpg"}, {"postal_code": "98105", "name": "8_1595.0.jpg"}, {"postal_code": "98105", "name": "8_1624.0.jpg"}, {"postal_code": "98105", "name": "8_1653.0.jpg"}, {"postal_code": "98105", "name": "8_1682.0.jpg"}, {"postal_code": "98105", "name": "8_1711.0.jpg"}, {"postal_code": "98105", "name": "8_1740.0.jpg"}, {"postal_code": "98105", "name": "8_1769.0.jpg"}, {"postal_code": "98105", "name": "8_1798.0.jpg"}, {"postal_code": "98105", "name": "8_1827.0.jpg"}, {"postal_code": "98105", "name": "8_1856.0.jpg"}, {"postal_code": "98105", "name": "8_1885.0.jpg"}, {"postal_code": "98105", "name": "8_1914.0.jpg"}, {"postal_code": "98105", "name": "8_1943.0.jpg"}, {"postal_code": "98105", "name": "8_1972.0.jpg"}, {"postal_code": "98105", "name": "8_2001.0.jpg"}, {"postal_code": "98105", "name": "8_2030.0.jpg"}, {"postal_code": "98105", "name": "8_2059.0.jpg"}, {"postal_code": "98105", "name": "8_2088.0.jpg"}, {"postal_code": "98105", "name": "8_2117.0.jpg", "objects": [{"bounding_box_y": 266, "name": "stopsign", "bounding_box_w": 736, "id": 1, "bounding_box_h": 736, "bounding_box_x": 538}]}, {"postal_code": "98105", "name": "8_2146.0.jpg", "objects": [{"bounding_box_y": 266, "name": "stopsign", "bounding_box_w": 736, "id": 1, "bounding_box_h": 736, "bounding_box_x": 538}]}, {"postal_code": "98105", "name": "8_2175.0.jpg", "objects": [{"bounding_box_y": 260, "name": "stopsign", "bounding_box_w": 735, "id": 1, "bounding_box_h": 735, "bounding_box_x": 498}]}, {"postal_code": "98105", "name": "8_2204.0.jpg", "objects": [{"bounding_box_y": 260, "name": "stopsign", "bounding_box_w": 735, "id": 1, "bounding_box_h": 735, "bounding_box_x": 498}]}, {"postal_code": "98105", "name": "8_2233.0.jpg"}, {"postal_code": "98105", "name": "8_2262.0.jpg"}, {"postal_code": "98105", "name": "8_2291.0.jpg"}, {"postal_code": "98105", "name": "8_2320.0.jpg"}, {"postal_code": "98105", "name": "8_2349.0.jpg"}, {"postal_code": "98105", "name": "8_2378.0.jpg", "objects": [{"bounding_box_y": 204, "name": "stopsign", "bounding_box_w": 55, "id": 1, "bounding_box_h": 55, "bounding_box_x": -20}]}, {"postal_code": "98105", "name": "8_2407.0.jpg", "objects": [{"bounding_box_y": 619, "name": "stopsign", "bounding_box_w": 1116, "id": 1, "bounding_box_h": 1116, "bounding_box_x": 1061}, {"bounding_box_y": 204, "name": "stopsign", "bounding_box_w": 55, "id": 1, "bounding_box_h": 55, "bounding_box_x": -20}]}, {"postal_code": "98105", "name": "8_2436.0.jpg"}, {"postal_code": "98105", "name": "8_2465.0.jpg"}, {"postal_code": "98105", "name": "8_2494.0.jpg"}, {"postal_code": "98105", "name": "8_2523.0.jpg"}, {"postal_code": "98105", "name": "8_2552.0.jpg"}, {"postal_code": "98105", "name": "8_2581.0.jpg"}, {"postal_code": "98105", "name": "8_2610.0.jpg"}, {"postal_code": "98105", "name": "8_2639.0.jpg"}, {"postal_code": "98105", "name": "8_2668.0.jpg"}, {"postal_code": "98105", "name": "8_2697.0.jpg"}, {"postal_code": "98105", "name": "8_2726.0.jpg"}, {"postal_code": "98105", "name": "8_2755.0.jpg"}, {"postal_code": "98105", "name": "8_2784.0.jpg"}, {"postal_code": "98105", "name": "8_2813.0.jpg"}, {"postal_code": "98105", "name": "8_2842.0.jpg"}, {"postal_code": "98105", "name": "8_2871.0.jpg"}, {"postal_code": "98105", "name": "8_2900.0.jpg"}, {"postal_code": "98105", "name": "8_2929.0.jpg", "objects": [{"bounding_box_y": 186, "name": "stopsign", "bounding_box_w": 882, "id": 1, "bounding_box_h": 882, "bounding_box_x": 802}, {"bounding_box_y": 286, "name": "stopsign", "bounding_box_w": 117, "id": 1, "bounding_box_h": 117, "bounding_box_x": 85}]}, {"postal_code": "98105", "name": "8_2958.0.jpg", "objects": [{"bounding_box_y": 163, "name": "stopsign", "bounding_box_w": 748, "id": 1, "bounding_box_h": 748, "bounding_box_x": 653}]}, {"postal_code": "98105", "name": "8_2987.0.jpg", "objects": [{"bounding_box_y": 128, "name": "stopsign", "bounding_box_w": 294, "id": 1, "bounding_box_h": 294, "bounding_box_x": 199}]}, {"postal_code": "98105", "name": "8_3016.0.jpg"}, {"postal_code": "98105", "name": "8_3045.0.jpg"}, {"postal_code": "98105", "name": "8_3074.0.jpg"}, {"postal_code": "98105", "name": "8_3103.0.jpg"}, {"postal_code": "98105", "name": "8_3132.0.jpg"}, {"postal_code": "98105", "name": "8_3161.0.jpg"}, {"postal_code": "98105", "name": "8_3190.0.jpg"}, {"postal_code": "98105", "name": "8_3219.0.jpg"}, {"postal_code": "98105", "name": "8_3248.0.jpg"}, {"postal_code": "98105", "name": "8_3277.0.jpg", "objects": [{"bounding_box_y": 626, "name": "stopsign", "bounding_box_w": 1116, "id": 1, "bounding_box_h": 1116, "bounding_box_x": 1061}]}, {"postal_code": "98105", "name": "8_3306.0.jpg", "objects": [{"bounding_box_y": 619, "name": "stopsign", "bounding_box_w": 1116, "id": 1, "bounding_box_h": 1116, "bounding_box_x": 1061}]}, {"postal_code": "98105", "name": "8_3335.0.jpg", "objects": [{"bounding_box_y": 619, "name": "stopsign", "bounding_box_w": 1116, "id": 1, "bounding_box_h": 1116, "bounding_box_x": 1061}, {"bounding_box_y": 198, "name": "stopsign", "bounding_box_w": 709, "id": 1, "bounding_box_h": 709, "bounding_box_x": 677}]}, {"postal_code": "98105", "name": "8_3364.0.jpg"}, {"postal_code": "98105", "name": "8_3393.0.jpg"}, {"postal_code": "98105", "name": "8_3422.0.jpg"}, {"postal_code": "98105", "name": "8_3451.0.jpg"}, {"postal_code": "98105", "name": "8_3480.0.jpg"}, {"postal_code": "98105", "name": "8_3509.0.jpg"}, {"postal_code": "98105", "name": "8_3538.0.jpg"}, {"postal_code": "98105", "name": "8_3567.0.jpg"}, {"postal_code": "98105", "name": "8_3596.0.jpg"}, {"postal_code": "98105", "name": "8_3625.0.jpg"}, {"postal_code": "98105", "name": "8_3654.0.jpg"}]}