{"images": [{"name": "6_0.0.jpg"}, {"name": "6_29.0.jpg"}, {"name": "6_58.0.jpg"}, {"name": "6_87.0.jpg"}, {"name": "6_116.0.jpg"}, {"name": "6_145.0.jpg"}, {"name": "6_174.0.jpg"}, {"name": "6_203.0.jpg"}, {"name": "6_232.0.jpg"}, {"name": "6_261.0.jpg"}, {"name": "6_290.0.jpg"}, {"name": "6_319.0.jpg"}, {"name": "6_348.0.jpg"}, {"name": "6_377.0.jpg"}, {"name": "6_406.0.jpg"}, {"name": "6_435.0.jpg"}, {"name": "6_464.0.jpg"}, {"name": "6_493.0.jpg"}, {"name": "6_522.0.jpg"}, {"name": "6_551.0.jpg"}, {"name": "6_580.0.jpg"}, {"name": "6_609.0.jpg"}, {"name": "6_638.0.jpg"}, {"name": "6_667.0.jpg"}, {"name": "6_696.0.jpg"}, {"name": "6_725.0.jpg"}, {"name": "6_754.0.jpg"}, {"name": "6_783.0.jpg"}, {"name": "6_812.0.jpg"}, {"name": "6_841.0.jpg"}, {"name": "6_870.0.jpg"}, {"name": "6_899.0.jpg"}, {"name": "6_928.0.jpg"}, {"name": "6_957.0.jpg"}, {"objects": [{"id": 1, "bounding_box_w": 225, "bounding_box_y": 106, "bounding_box_x": 145, "name": "stopsign", "bounding_box_h": 225}, {"id": 1, "bounding_box_w": 1116, "bounding_box_y": 619, "bounding_box_x": 1061, "name": "stopsign", "bounding_box_h": 1116}], "name": "6_986.0.jpg"}, {"objects": [{"id": 1, "bounding_box_w": 951, "bounding_box_y": 140, "bounding_box_x": 856, "name": "stopsign", "bounding_box_h": 951}], "name": "6_1015.0.jpg"}, {"name": "6_1044.0.jpg"}, {"name": "6_1073.0.jpg"}, {"name": "6_1102.0.jpg"}, {"objects": [{"id": 1, "bounding_box_w": 132, "bounding_box_y": -22, "bounding_box_x": -22, "name": "stopsign", "bounding_box_h": 132}], "name": "6_1131.0.jpg"}, {"objects": [{"id": 1, "bounding_box_w": 184, "bounding_box_y": -22, "bounding_box_x": 46, "name": "stopsign", "bounding_box_h": 184}], "name": "6_1160.0.jpg"}, {"objects": [{"id": 1, "bounding_box_w": 132, "bounding_box_y": 12, "bounding_box_x": -22, "name": "stopsign", "bounding_box_h": 132}], "name": "6_1189.0.jpg"}, {"objects": [{"id": 1, "bounding_box_w": 110, "bounding_box_y": -19, "bounding_box_x": -19, "name": "stopsign", "bounding_box_h": 110}], "name": "6_1218.0.jpg"}, {"objects": [{"id": 1, "bounding_box_w": 245, "bounding_box_y": 274, "bounding_box_x": 199, "name": "stopsign", "bounding_box_h": 245}, {"id": 1, "bounding_box_w": 1199, "bounding_box_y": 237, "bounding_box_x": 1133, "name": "stopsign", "bounding_box_h": 1199}], "name": "6_1247.0.jpg"}, {"objects": [{"id": 1, "bounding_box_w": 314, "bounding_box_y": 274, "bounding_box_x": 268, "name": "stopsign", "bounding_box_h": 314}, {"id": 1, "bounding_box_w": 1262, "bounding_box_y": 239, "bounding_box_x": 1206, "name": "stopsign", "bounding_box_h": 1262}], "name": "6_1276.0.jpg"}, {"objects": [{"id": 1, "bounding_box_w": 331, "bounding_box_y": 280, "bounding_box_x": 285, "name": "stopsign", "bounding_box_h": 331}, {"id": 1, "bounding_box_w": 1290, "bounding_box_y": 229, "bounding_box_x": 1224, "name": "stopsign", "bounding_box_h": 1290}], "name": "6_1305.0.jpg"}, {"objects": [{"id": 1, "bounding_box_w": 331, "bounding_box_y": 280, "bounding_box_x": 285, "name": "stopsign", "bounding_box_h": 331}, {"id": 1, "bounding_box_w": 1282, "bounding_box_y": 232, "bounding_box_x": 1227, "name": "stopsign", "bounding_box_h": 1282}], "name": "6_1334.0.jpg"}, {"objects": [{"id": 1, "bounding_box_w": 331, "bounding_box_y": 274, "bounding_box_x": 285, "name": "stopsign", "bounding_box_h": 331}, {"id": 1, "bounding_box_w": 1282, "bounding_box_y": 225, "bounding_box_x": 1227, "name": "stopsign", "bounding_box_h": 1282}], "name": "6_1363.0.jpg"}, {"name": "6_1392.0.jpg"}, {"name": "6_1421.0.jpg"}, {"name": "6_1450.0.jpg"}, {"name": "6_1479.0.jpg"}, {"name": "6_1508.0.jpg"}, {"name": "6_1537.0.jpg"}, {"name": "6_1566.0.jpg"}, {"name": "6_1595.0.jpg"}, {"name": "6_1624.0.jpg"}, {"name": "6_1653.0.jpg"}, {"name": "6_1682.0.jpg"}, {"name": "6_1711.0.jpg"}, {"name": "6_1740.0.jpg"}, {"name": "6_1769.0.jpg"}, {"name": "6_1798.0.jpg"}, {"name": "6_1827.0.jpg"}, {"name": "6_1856.0.jpg"}, {"name": "6_1885.0.jpg"}, {"name": "6_1914.0.jpg"}, {"name": "6_1943.0.jpg"}, {"name": "6_1972.0.jpg"}, {"name": "6_2001.0.jpg"}, {"name": "6_2030.0.jpg"}, {"name": "6_2059.0.jpg"}, {"name": "6_2088.0.jpg"}, {"objects": [{"id": 1, "bounding_box_w": 736, "bounding_box_y": 266, "bounding_box_x": 538, "name": "stopsign", "bounding_box_h": 736}], "name": "6_2117.0.jpg"}, {"objects": [{"id": 1, "bounding_box_w": 736, "bounding_box_y": 266, "bounding_box_x": 538, "name": "stopsign", "bounding_box_h": 736}], "name": "6_2146.0.jpg"}, {"objects": [{"id": 1, "bounding_box_w": 735, "bounding_box_y": 260, "bounding_box_x": 498, "name": "stopsign", "bounding_box_h": 735}], "name": "6_2175.0.jpg"}, {"objects": [{"id": 1, "bounding_box_w": 735, "bounding_box_y": 260, "bounding_box_x": 498, "name": "stopsign", "bounding_box_h": 735}], "name": "6_2204.0.jpg"}, {"name": "6_2233.0.jpg"}, {"name": "6_2262.0.jpg"}, {"name": "6_2291.0.jpg"}, {"name": "6_2320.0.jpg"}, {"name": "6_2349.0.jpg"}, {"objects": [{"id": 1, "bounding_box_w": 55, "bounding_box_y": 204, "bounding_box_x": -20, "name": "stopsign", "bounding_box_h": 55}], "name": "6_2378.0.jpg"}, {"objects": [{"id": 1, "bounding_box_w": 1116, "bounding_box_y": 619, "bounding_box_x": 1061, "name": "stopsign", "bounding_box_h": 1116}, {"id": 1, "bounding_box_w": 55, "bounding_box_y": 204, "bounding_box_x": -20, "name": "stopsign", "bounding_box_h": 55}], "name": "6_2407.0.jpg"}, {"name": "6_2436.0.jpg"}, {"name": "6_2465.0.jpg"}, {"name": "6_2494.0.jpg"}, {"name": "6_2523.0.jpg"}, {"name": "6_2552.0.jpg"}, {"name": "6_2581.0.jpg"}, {"name": "6_2610.0.jpg"}, {"name": "6_2639.0.jpg"}, {"name": "6_2668.0.jpg"}, {"name": "6_2697.0.jpg"}, {"name": "6_2726.0.jpg"}, {"name": "6_2755.0.jpg"}, {"name": "6_2784.0.jpg"}, {"name": "6_2813.0.jpg"}, {"name": "6_2842.0.jpg"}, {"name": "6_2871.0.jpg"}, {"name": "6_2900.0.jpg"}, {"objects": [{"id": 1, "bounding_box_w": 882, "bounding_box_y": 186, "bounding_box_x": 802, "name": "stopsign", "bounding_box_h": 882}, {"id": 1, "bounding_box_w": 117, "bounding_box_y": 286, "bounding_box_x": 85, "name": "stopsign", "bounding_box_h": 117}], "name": "6_2929.0.jpg"}, {"objects": [{"id": 1, "bounding_box_w": 748, "bounding_box_y": 163, "bounding_box_x": 653, "name": "stopsign", "bounding_box_h": 748}], "name": "6_2958.0.jpg"}, {"objects": [{"id": 1, "bounding_box_w": 294, "bounding_box_y": 128, "bounding_box_x": 199, "name": "stopsign", "bounding_box_h": 294}], "name": "6_2987.0.jpg"}, {"name": "6_3016.0.jpg"}, {"name": "6_3045.0.jpg"}, {"name": "6_3074.0.jpg"}, {"name": "6_3103.0.jpg"}, {"name": "6_3132.0.jpg"}, {"name": "6_3161.0.jpg"}, {"name": "6_3190.0.jpg"}, {"name": "6_3219.0.jpg"}, {"name": "6_3248.0.jpg"}, {"objects": [{"id": 1, "bounding_box_w": 1116, "bounding_box_y": 626, "bounding_box_x": 1061, "name": "stopsign", "bounding_box_h": 1116}], "name": "6_3277.0.jpg"}, {"objects": [{"id": 1, "bounding_box_w": 1116, "bounding_box_y": 619, "bounding_box_x": 1061, "name": "stopsign", "bounding_box_h": 1116}], "name": "6_3306.0.jpg"}, {"objects": [{"id": 1, "bounding_box_w": 1116, "bounding_box_y": 619, "bounding_box_x": 1061, "name": "stopsign", "bounding_box_h": 1116}, {"id": 1, "bounding_box_w": 709, "bounding_box_y": 198, "bounding_box_x": 677, "name": "stopsign", "bounding_box_h": 709}], "name": "6_3335.0.jpg"}, {"name": "6_3364.0.jpg"}, {"name": "6_3393.0.jpg"}, {"name": "6_3422.0.jpg"}, {"name": "6_3451.0.jpg"}, {"name": "6_3480.0.jpg"}, {"name": "6_3509.0.jpg"}, {"name": "6_3538.0.jpg"}, {"name": "6_3567.0.jpg"}, {"name": "6_3596.0.jpg"}, {"name": "6_3625.0.jpg"}, {"name": "6_3654.0.jpg"}], "name": "dataset12.zip", "licence": 0.0}